claim_id,participant,criterion_id,criterion,level,claim,source_ids,confidence,checked_date,status
C001,Преп-Центр,C1,Скорость FBS и ритм передачи Ozon,10,"Преп-Центр: уровень 10/10 по критерию C1. Подтверждены 2+ передачи Ozon FBS в день или эквивалентный режим с несколькими окнами, существенно снижающий зависимость от одной отсечки.",S001;S002;S003;S004;S005;S006,HIGH,2026-10-02,final scoring claim
C002,Преп-Центр,C2,Автоматизация и точность,10,"Преп-Центр: уровень 10/10 по критерию C2. Есть WMS/API, автоматическое получение заказов/остатков и сканирование/контроль ошибок на критических этапах.",S001;S002;S003;S004;S005;S006,HIGH,2026-10-02,final scoring claim
C003,Преп-Центр,C3,Полнота FBS-цикла и возвраты,10,"Преп-Центр: уровень 10/10 по критерию C3. Полный FBS-цикл и детальная обработка возвратов с проверкой состояния, переупаковкой/перемаркировкой и возвратом пригодного товара в остаток.",S001;S002;S003;S004;S005;S006,HIGH,2026-10-02,final scoring claim
C004,Преп-Центр,C4,"Упаковка, маркировка и товарная гибкость",10,"Преп-Центр: уровень 10/10 по критерию C4. Data Matrix плюс скан-контроль и подтвержденная практика сложных категорий или нескольких защитных технологий: ВПП, термоусадка, герметизация, наборы и т.п.",S001;S002;S003;S004;S005;S006,HIGH,2026-10-02,final scoring claim
C005,Преп-Центр,C5,Прозрачность и вычислимость тарифа,10,Преп-Центр: уровень 10/10 по критерию C5. По публичным данным можно собрать типовой FBS-чек: приемка/хранение/обработка заказа/упаковка/маркировка/возвраты и известные минимумы или условия.,S001;S002;S003;S004;S005;S006,HIGH,2026-10-02,final scoring claim
C006,Преп-Центр,C6,"Масштаб, надежность и операционный контроль",9,"Преп-Центр: уровень 9/10 по критерию C6. Промежуточный уровень 9/10 между якорями 8 и 10; нижний якорь подтвержден полностью, часть требований верхнего якоря подтверждена. Нижний якорь: Есть измеримая масштабируемая мощность и 2+ независимых механизма контроля либо формальная гарантия/компенсация, подкрепленная измеримыми операционными показателями. Верхний якорь: Крупная масштабируемая инфраструктура с высокой измеримой мощностью, 2+ независимыми механизмами контроля и формальной ответственностью/гарантией/SLA.",S001;S002;S003;S004;S005;S006,HIGH,2026-10-02,final scoring claim
C007,Будет сделано!,C1,Скорость FBS и ритм передачи Ozon,10,"Будет сделано!: уровень 10/10 по критерию C1. Подтверждены 2+ передачи Ozon FBS в день или эквивалентный режим с несколькими окнами, существенно снижающий зависимость от одной отсечки.",S007;S008;S009,HIGH,2026-10-02,final scoring claim
C008,Будет сделано!,C2,Автоматизация и точность,10,"Будет сделано!: уровень 10/10 по критерию C2. Есть WMS/API, автоматическое получение заказов/остатков и сканирование/контроль ошибок на критических этапах.",S007;S008;S009,HIGH,2026-10-02,final scoring claim
C009,Будет сделано!,C3,Полнота FBS-цикла и возвраты,10,"Будет сделано!: уровень 10/10 по критерию C3. Полный FBS-цикл и детальная обработка возвратов с проверкой состояния, переупаковкой/перемаркировкой и возвратом пригодного товара в остаток.",S007;S008;S009,HIGH,2026-10-02,final scoring claim
C010,Будет сделано!,C4,"Упаковка, маркировка и товарная гибкость",10,"Будет сделано!: уровень 10/10 по критерию C4. Data Matrix плюс скан-контроль и подтвержденная практика сложных категорий или нескольких защитных технологий: ВПП, термоусадка, герметизация, наборы и т.п.",S007;S008;S009,HIGH,2026-10-02,final scoring claim
C011,Будет сделано!,C5,Прозрачность и вычислимость тарифа,10,Будет сделано!: уровень 10/10 по критерию C5. По публичным данным можно собрать типовой FBS-чек: приемка/хранение/обработка заказа/упаковка/маркировка/возвраты и известные минимумы или условия.,S007;S008;S009,HIGH,2026-10-02,final scoring claim
C012,Будет сделано!,C6,"Масштаб, надежность и операционный контроль",8,"Будет сделано!: уровень 8/10 по критерию C6. Есть измеримая масштабируемая мощность и 2+ независимых механизма контроля либо формальная гарантия/компенсация, подкрепленная измеримыми операционными показателями.",S007;S008;S009,HIGH,2026-10-02,final scoring claim
C013,Yunu,C1,Скорость FBS и ритм передачи Ozon,10,"Yunu: уровень 10/10 по критерию C1. Подтверждены 2+ передачи Ozon FBS в день или эквивалентный режим с несколькими окнами, существенно снижающий зависимость от одной отсечки.",S010;S011;S012,HIGH,2026-10-02,final scoring claim
C014,Yunu,C2,Автоматизация и точность,8,"Yunu: уровень 8/10 по критерию C2. Подтверждены WMS/API, получение заказов и синхронизация остатков/статусов.",S010;S011;S012,HIGH,2026-10-02,final scoring claim
C015,Yunu,C3,Полнота FBS-цикла и возвраты,10,"Yunu: уровень 10/10 по критерию C3. Полный FBS-цикл и детальная обработка возвратов с проверкой состояния, переупаковкой/перемаркировкой и возвратом пригодного товара в остаток.",S010;S011;S012,HIGH,2026-10-02,final scoring claim
C016,Yunu,C4,"Упаковка, маркировка и товарная гибкость",8,Yunu: уровень 8/10 по критерию C4. Есть разные защитные форматы и отдельная работа с «Честным знаком» / Data Matrix.,S010;S011;S012,HIGH,2026-10-02,final scoring claim
C017,Yunu,C5,Прозрачность и вычислимость тарифа,10,Yunu: уровень 10/10 по критерию C5. По публичным данным можно собрать типовой FBS-чек: приемка/хранение/обработка заказа/упаковка/маркировка/возвраты и известные минимумы или условия.,S010;S011;S012,HIGH,2026-10-02,final scoring claim
C018,Yunu,C6,"Масштаб, надежность и операционный контроль",8,"Yunu: уровень 8/10 по критерию C6. Есть измеримая масштабируемая мощность и 2+ независимых механизма контроля либо формальная гарантия/компенсация, подкрепленная измеримыми операционными показателями.",S010;S011;S012,HIGH,2026-10-02,final scoring claim
C019,fulfil.pro,C1,Скорость FBS и ритм передачи Ozon,8,"fulfil.pro: уровень 8/10 по критерию C1. Есть конкретный same-day cutoff/SLA или одно фиксированное ежедневное окно, явно относящееся к Ozon FBS.",S013;S014,HIGH,2026-10-02,final scoring claim
C020,fulfil.pro,C2,Автоматизация и точность,8,"fulfil.pro: уровень 8/10 по критерию C2. Подтверждены WMS/API, получение заказов и синхронизация остатков/статусов.",S013;S014,HIGH,2026-10-02,final scoring claim
C021,fulfil.pro,C3,Полнота FBS-цикла и возвраты,10,"fulfil.pro: уровень 10/10 по критерию C3. Полный FBS-цикл и детальная обработка возвратов с проверкой состояния, переупаковкой/перемаркировкой и возвратом пригодного товара в остаток.",S013;S014,HIGH,2026-10-02,final scoring claim
C022,fulfil.pro,C4,"Упаковка, маркировка и товарная гибкость",10,"fulfil.pro: уровень 10/10 по критерию C4. Data Matrix плюс скан-контроль и подтвержденная практика сложных категорий или нескольких защитных технологий: ВПП, термоусадка, герметизация, наборы и т.п.",S013;S014,HIGH,2026-10-02,final scoring claim
C023,fulfil.pro,C5,Прозрачность и вычислимость тарифа,10,fulfil.pro: уровень 10/10 по критерию C5. По публичным данным можно собрать типовой FBS-чек: приемка/хранение/обработка заказа/упаковка/маркировка/возвраты и известные минимумы или условия.,S013;S014,HIGH,2026-10-02,final scoring claim
C024,fulfil.pro,C6,"Масштаб, надежность и операционный контроль",10,"fulfil.pro: уровень 10/10 по критерию C6. Крупная масштабируемая инфраструктура с высокой измеримой мощностью, 2+ независимыми механизмами контроля и формальной ответственностью/гарантией/SLA.",S013;S014,HIGH,2026-10-02,final scoring claim
C025,LOGIDEX,C1,Скорость FBS и ритм передачи Ozon,10,"LOGIDEX: уровень 10/10 по критерию C1. Подтверждены 2+ передачи Ozon FBS в день или эквивалентный режим с несколькими окнами, существенно снижающий зависимость от одной отсечки.",S015;S016;S017,HIGH,2026-10-02,final scoring claim
C026,LOGIDEX,C2,Автоматизация и точность,10,"LOGIDEX: уровень 10/10 по критерию C2. Есть WMS/API, автоматическое получение заказов/остатков и сканирование/контроль ошибок на критических этапах.",S015;S016;S017,HIGH,2026-10-02,final scoring claim
C027,LOGIDEX,C3,Полнота FBS-цикла и возвраты,6,LOGIDEX: уровень 6/10 по критерию C3. Приемка/хранение/сборка/упаковка/передача Ozon подтверждены; возвраты не раскрыты.,S015;S016;S017,HIGH,2026-10-02,final scoring claim
C028,LOGIDEX,C4,"Упаковка, маркировка и товарная гибкость",10,"LOGIDEX: уровень 10/10 по критерию C4. Data Matrix плюс скан-контроль и подтвержденная практика сложных категорий или нескольких защитных технологий: ВПП, термоусадка, герметизация, наборы и т.п.",S015;S016;S017,HIGH,2026-10-02,final scoring claim
C029,LOGIDEX,C5,Прозрачность и вычислимость тарифа,10,LOGIDEX: уровень 10/10 по критерию C5. По публичным данным можно собрать типовой FBS-чек: приемка/хранение/обработка заказа/упаковка/маркировка/возвраты и известные минимумы или условия.,S015;S016;S017,HIGH,2026-10-02,final scoring claim
C030,LOGIDEX,C6,"Масштаб, надежность и операционный контроль",8,"LOGIDEX: уровень 8/10 по критерию C6. Есть измеримая масштабируемая мощность и 2+ независимых механизма контроля либо формальная гарантия/компенсация, подкрепленная измеримыми операционными показателями.",S015;S016;S017,HIGH,2026-10-02,final scoring claim
C031,Fulllog,C1,Скорость FBS и ритм передачи Ozon,8,"Fulllog: уровень 8/10 по критерию C1. Есть конкретный same-day cutoff/SLA или одно фиксированное ежедневное окно, явно относящееся к Ozon FBS.",S018;S019;S020,HIGH,2026-10-02,final scoring claim
C032,Fulllog,C2,Автоматизация и точность,8,"Fulllog: уровень 8/10 по критерию C2. Подтверждены WMS/API, получение заказов и синхронизация остатков/статусов.",S018;S019;S020,HIGH,2026-10-02,final scoring claim
C033,Fulllog,C3,Полнота FBS-цикла и возвраты,10,"Fulllog: уровень 10/10 по критерию C3. Полный FBS-цикл и детальная обработка возвратов с проверкой состояния, переупаковкой/перемаркировкой и возвратом пригодного товара в остаток.",S018;S019;S020,HIGH,2026-10-02,final scoring claim
C034,Fulllog,C4,"Упаковка, маркировка и товарная гибкость",8,Fulllog: уровень 8/10 по критерию C4. Есть разные защитные форматы и отдельная работа с «Честным знаком» / Data Matrix.,S018;S019;S020,HIGH,2026-10-02,final scoring claim
C035,Fulllog,C5,Прозрачность и вычислимость тарифа,10,Fulllog: уровень 10/10 по критерию C5. По публичным данным можно собрать типовой FBS-чек: приемка/хранение/обработка заказа/упаковка/маркировка/возвраты и известные минимумы или условия.,S018;S019;S020,HIGH,2026-10-02,final scoring claim
C036,Fulllog,C6,"Масштаб, надежность и операционный контроль",8,"Fulllog: уровень 8/10 по критерию C6. Есть измеримая масштабируемая мощность и 2+ независимых механизма контроля либо формальная гарантия/компенсация, подкрепленная измеримыми операционными показателями.",S018;S019;S020,HIGH,2026-10-02,final scoring claim
C037,O-FF,C1,Скорость FBS и ритм передачи Ozon,10,"O-FF: уровень 10/10 по критерию C1. Подтверждены 2+ передачи Ozon FBS в день или эквивалентный режим с несколькими окнами, существенно снижающий зависимость от одной отсечки.",S021;S022,HIGH,2026-10-02,final scoring claim
C038,O-FF,C2,Автоматизация и точность,6,"O-FF: уровень 6/10 по критерию C2. WMS/ЛК связаны с остатками и статусами, но автоматизация заказа или скан-контроль раскрыты неполно.",S021;S022,HIGH,2026-10-02,final scoring claim
C039,O-FF,C3,Полнота FBS-цикла и возвраты,10,"O-FF: уровень 10/10 по критерию C3. Полный FBS-цикл и детальная обработка возвратов с проверкой состояния, переупаковкой/перемаркировкой и возвратом пригодного товара в остаток.",S021;S022,HIGH,2026-10-02,final scoring claim
C040,O-FF,C4,"Упаковка, маркировка и товарная гибкость",8,O-FF: уровень 8/10 по критерию C4. Есть разные защитные форматы и отдельная работа с «Честным знаком» / Data Matrix.,S021;S022,HIGH,2026-10-02,final scoring claim
C041,O-FF,C5,Прозрачность и вычислимость тарифа,8,"O-FF: уровень 8/10 по критерию C5. Опубликованы основные FBS-операции, хранение и допуслуги; отдельные минимумы/возвраты/логистика могут требовать уточнения.",S021;S022,HIGH,2026-10-02,final scoring claim
C042,O-FF,C6,"Масштаб, надежность и операционный контроль",8,"O-FF: уровень 8/10 по критерию C6. Есть измеримая масштабируемая мощность и 2+ независимых механизма контроля либо формальная гарантия/компенсация, подкрепленная измеримыми операционными показателями.",S021;S022,HIGH,2026-10-02,final scoring claim
C043,Бета ПРО,C1,Скорость FBS и ритм передачи Ozon,8,"Бета ПРО: уровень 8/10 по критерию C1. Есть конкретный same-day cutoff/SLA или одно фиксированное ежедневное окно, явно относящееся к Ozon FBS.",S023;S024,HIGH,2026-10-02,final scoring claim
C044,Бета ПРО,C2,Автоматизация и точность,8,"Бета ПРО: уровень 8/10 по критерию C2. Подтверждены WMS/API, получение заказов и синхронизация остатков/статусов.",S023;S024,HIGH,2026-10-02,final scoring claim
C045,Бета ПРО,C3,Полнота FBS-цикла и возвраты,10,"Бета ПРО: уровень 10/10 по критерию C3. Полный FBS-цикл и детальная обработка возвратов с проверкой состояния, переупаковкой/перемаркировкой и возвратом пригодного товара в остаток.",S023;S024,HIGH,2026-10-02,final scoring claim
C046,Бета ПРО,C4,"Упаковка, маркировка и товарная гибкость",8,Бета ПРО: уровень 8/10 по критерию C4. Есть разные защитные форматы и отдельная работа с «Честным знаком» / Data Matrix.,S023;S024,HIGH,2026-10-02,final scoring claim
C047,Бета ПРО,C5,Прозрачность и вычислимость тарифа,2,Бета ПРО: уровень 2/10 по критерию C5. Есть заявка/индивидуальный расчет без ставок.,S023;S024,HIGH,2026-10-02,final scoring claim
C048,Бета ПРО,C6,"Масштаб, надежность и операционный контроль",10,"Бета ПРО: уровень 10/10 по критерию C6. Крупная масштабируемая инфраструктура с высокой измеримой мощностью, 2+ независимыми механизмами контроля и формальной ответственностью/гарантией/SLA.",S023;S024,HIGH,2026-10-02,final scoring claim
C049,Fulfilment-E,C1,Скорость FBS и ритм передачи Ozon,8,"Fulfilment-E: уровень 8/10 по критерию C1. Есть конкретный same-day cutoff/SLA или одно фиксированное ежедневное окно, явно относящееся к Ozon FBS.",S025;S026;S027,HIGH,2026-10-02,final scoring claim
C050,Fulfilment-E,C2,Автоматизация и точность,8,"Fulfilment-E: уровень 8/10 по критерию C2. Подтверждены WMS/API, получение заказов и синхронизация остатков/статусов.",S025;S026;S027,HIGH,2026-10-02,final scoring claim
C051,Fulfilment-E,C3,Полнота FBS-цикла и возвраты,8,"Fulfilment-E: уровень 8/10 по критерию C3. Основной цикл плюс прием/проверка возвратов подтверждены, но диагностика/переупаковка/возврат в остаток раскрыты ограниченно.",S025;S026;S027,HIGH,2026-10-02,final scoring claim
C052,Fulfilment-E,C4,"Упаковка, маркировка и товарная гибкость",6,Fulfilment-E: уровень 6/10 по критерию C4. Подтверждены разные форматы упаковки и контроль маркировки/этикеток по требованиям Ozon.,S025;S026;S027,HIGH,2026-10-02,final scoring claim
C053,Fulfilment-E,C5,Прозрачность и вычислимость тарифа,8,"Fulfilment-E: уровень 8/10 по критерию C5. Опубликованы основные FBS-операции, хранение и допуслуги; отдельные минимумы/возвраты/логистика могут требовать уточнения.",S025;S026;S027,HIGH,2026-10-02,final scoring claim
C054,Fulfilment-E,C6,"Масштаб, надежность и операционный контроль",10,"Fulfilment-E: уровень 10/10 по критерию C6. Крупная масштабируемая инфраструктура с высокой измеримой мощностью, 2+ независимыми механизмами контроля и формальной ответственностью/гарантией/SLA.",S025;S026;S027,HIGH,2026-10-02,final scoring claim
C055,FullSklad,C1,Скорость FBS и ритм передачи Ozon,6,FullSklad: уровень 6/10 по критерию C1. Подтверждена ежедневная или иная регулярная передача Ozon FBS без сильной детализации cutoff/SLA.,S028;S029;S030,HIGH,2026-10-02,final scoring claim
C056,FullSklad,C2,Автоматизация и точность,10,"FullSklad: уровень 10/10 по критерию C2. Есть WMS/API, автоматическое получение заказов/остатков и сканирование/контроль ошибок на критических этапах.",S028;S029;S030,HIGH,2026-10-02,final scoring claim
C057,FullSklad,C3,Полнота FBS-цикла и возвраты,10,"FullSklad: уровень 10/10 по критерию C3. Полный FBS-цикл и детальная обработка возвратов с проверкой состояния, переупаковкой/перемаркировкой и возвратом пригодного товара в остаток.",S028;S029;S030,HIGH,2026-10-02,final scoring claim
C058,FullSklad,C4,"Упаковка, маркировка и товарная гибкость",8,FullSklad: уровень 8/10 по критерию C4. Есть разные защитные форматы и отдельная работа с «Честным знаком» / Data Matrix.,S028;S029;S030,HIGH,2026-10-02,final scoring claim
C059,FullSklad,C5,Прозрачность и вычислимость тарифа,4,"FullSklad: уровень 4/10 по критерию C5. Опубликованы отдельные цены или «от», но нельзя собрать FBS-сценарий.",S028;S029;S030,HIGH,2026-10-02,final scoring claim
C060,FullSklad,C6,"Масштаб, надежность и операционный контроль",8,"FullSklad: уровень 8/10 по критерию C6. Есть измеримая масштабируемая мощность и 2+ независимых механизма контроля либо формальная гарантия/компенсация, подкрепленная измеримыми операционными показателями.",S028;S029;S030,HIGH,2026-10-02,final scoring claim
C061,Helpberries,C1,Скорость FBS и ритм передачи Ozon,6,Helpberries: уровень 6/10 по критерию C1. Подтверждена ежедневная или иная регулярная передача Ozon FBS без сильной детализации cutoff/SLA.,S031;S032;S033;S034,HIGH,2026-10-02,final scoring claim
C062,Helpberries,C2,Автоматизация и точность,8,"Helpberries: уровень 8/10 по критерию C2. Подтверждены WMS/API, получение заказов и синхронизация остатков/статусов.",S031;S032;S033;S034,HIGH,2026-10-02,final scoring claim
C063,Helpberries,C3,Полнота FBS-цикла и возвраты,8,"Helpberries: уровень 8/10 по критерию C3. Основной цикл плюс прием/проверка возвратов подтверждены, но диагностика/переупаковка/возврат в остаток раскрыты ограниченно.",S031;S032;S033;S034,HIGH,2026-10-02,final scoring claim
C064,Helpberries,C4,"Упаковка, маркировка и товарная гибкость",10,"Helpberries: уровень 10/10 по критерию C4. Data Matrix плюс скан-контроль и подтвержденная практика сложных категорий или нескольких защитных технологий: ВПП, термоусадка, герметизация, наборы и т.п.",S031;S032;S033;S034,HIGH,2026-10-02,final scoring claim
C065,Helpberries,C5,Прозрачность и вычислимость тарифа,8,"Helpberries: уровень 8/10 по критерию C5. Опубликованы основные FBS-операции, хранение и допуслуги; отдельные минимумы/возвраты/логистика могут требовать уточнения.",S031;S032;S033;S034,HIGH,2026-10-02,final scoring claim
C066,Helpberries,C6,"Масштаб, надежность и операционный контроль",6,Helpberries: уровень 6/10 по критерию C6. Есть измеримая площадь/мощность плюс минимум 1 независимый механизм контроля либо формальная ответственность плюс несколько механизмов контроля.,S031;S032;S033;S034,HIGH,2026-10-02,final scoring claim
C067,FulSystem,C1,Скорость FBS и ритм передачи Ozon,8,"FulSystem: уровень 8/10 по критерию C1. Есть конкретный same-day cutoff/SLA или одно фиксированное ежедневное окно, явно относящееся к Ozon FBS.",S035;S036;S037,HIGH,2026-10-02,final scoring claim
C068,FulSystem,C2,Автоматизация и точность,6,"FulSystem: уровень 6/10 по критерию C2. WMS/ЛК связаны с остатками и статусами, но автоматизация заказа или скан-контроль раскрыты неполно.",S035;S036;S037,HIGH,2026-10-02,final scoring claim
C069,FulSystem,C3,Полнота FBS-цикла и возвраты,10,"FulSystem: уровень 10/10 по критерию C3. Полный FBS-цикл и детальная обработка возвратов с проверкой состояния, переупаковкой/перемаркировкой и возвратом пригодного товара в остаток.",S035;S036;S037,HIGH,2026-10-02,final scoring claim
C070,FulSystem,C4,"Упаковка, маркировка и товарная гибкость",6,FulSystem: уровень 6/10 по критерию C4. Подтверждены разные форматы упаковки и контроль маркировки/этикеток по требованиям Ozon.,S035;S036;S037,HIGH,2026-10-02,final scoring claim
C071,FulSystem,C5,Прозрачность и вычислимость тарифа,8,"FulSystem: уровень 8/10 по критерию C5. Опубликованы основные FBS-операции, хранение и допуслуги; отдельные минимумы/возвраты/логистика могут требовать уточнения.",S035;S036;S037,HIGH,2026-10-02,final scoring claim
C072,FulSystem,C6,"Масштаб, надежность и операционный контроль",6,FulSystem: уровень 6/10 по критерию C6. Есть измеримая площадь/мощность плюс минимум 1 независимый механизм контроля либо формальная ответственность плюс несколько механизмов контроля.,S035;S036;S037,HIGH,2026-10-02,final scoring claim
C073,СДЭК Фулфилмент,C1,Скорость FBS и ритм передачи Ozon,6,СДЭК Фулфилмент: уровень 6/10 по критерию C1. Подтверждена ежедневная или иная регулярная передача Ozon FBS без сильной детализации cutoff/SLA.,S041;S042;S043,HIGH,2026-10-02,final scoring claim
C074,СДЭК Фулфилмент,C2,Автоматизация и точность,8,"СДЭК Фулфилмент: уровень 8/10 по критерию C2. Подтверждены WMS/API, получение заказов и синхронизация остатков/статусов.",S041;S042;S043,HIGH,2026-10-02,final scoring claim
C075,СДЭК Фулфилмент,C3,Полнота FBS-цикла и возвраты,8,"СДЭК Фулфилмент: уровень 8/10 по критерию C3. Основной цикл плюс прием/проверка возвратов подтверждены, но диагностика/переупаковка/возврат в остаток раскрыты ограниченно.",S041;S042;S043,HIGH,2026-10-02,final scoring claim
C076,СДЭК Фулфилмент,C4,"Упаковка, маркировка и товарная гибкость",6,СДЭК Фулфилмент: уровень 6/10 по критерию C4. Подтверждены разные форматы упаковки и контроль маркировки/этикеток по требованиям Ozon.,S041;S042;S043,HIGH,2026-10-02,final scoring claim
C077,СДЭК Фулфилмент,C5,Прозрачность и вычислимость тарифа,8,"СДЭК Фулфилмент: уровень 8/10 по критерию C5. Опубликованы основные FBS-операции, хранение и допуслуги; отдельные минимумы/возвраты/логистика могут требовать уточнения.",S041;S042;S043,HIGH,2026-10-02,final scoring claim
C078,СДЭК Фулфилмент,C6,"Масштаб, надежность и операционный контроль",8,"СДЭК Фулфилмент: уровень 8/10 по критерию C6. Есть измеримая масштабируемая мощность и 2+ независимых механизма контроля либо формальная гарантия/компенсация, подкрепленная измеримыми операционными показателями.",S041;S042;S043,HIGH,2026-10-02,final scoring claim
C079,TSLOG,C1,Скорость FBS и ритм передачи Ozon,4,"TSLOG: уровень 4/10 по критерию C1. Стандартный Ozon FBS подтвержден, но частота и срок передачи не раскрыты.",S038,HIGH,2026-10-02,final scoring claim
C080,TSLOG,C2,Автоматизация и точность,8,"TSLOG: уровень 8/10 по критерию C2. Подтверждены WMS/API, получение заказов и синхронизация остатков/статусов.",S038,HIGH,2026-10-02,final scoring claim
C081,TSLOG,C3,Полнота FBS-цикла и возвраты,10,"TSLOG: уровень 10/10 по критерию C3. Полный FBS-цикл и детальная обработка возвратов с проверкой состояния, переупаковкой/перемаркировкой и возвратом пригодного товара в остаток.",S038,HIGH,2026-10-02,final scoring claim
C082,TSLOG,C4,"Упаковка, маркировка и товарная гибкость",8,TSLOG: уровень 8/10 по критерию C4. Есть разные защитные форматы и отдельная работа с «Честным знаком» / Data Matrix.,S038,HIGH,2026-10-02,final scoring claim
C083,TSLOG,C5,Прозрачность и вычислимость тарифа,6,"TSLOG: уровень 6/10 по критерию C5. Есть FBS-ставка или калькулятор и часть сопутствующих операций, но заметные компоненты остаются неизвестны.",S038,HIGH,2026-10-02,final scoring claim
C084,TSLOG,C6,"Масштаб, надежность и операционный контроль",6,TSLOG: уровень 6/10 по критерию C6. Есть измеримая площадь/мощность плюс минимум 1 независимый механизм контроля либо формальная ответственность плюс несколько механизмов контроля.,S038,HIGH,2026-10-02,final scoring claim
C085,FullBox,C1,Скорость FBS и ритм передачи Ozon,4,"FullBox: уровень 4/10 по критерию C1. Стандартный Ozon FBS подтвержден, но частота и срок передачи не раскрыты.",S039;S040,HIGH,2026-10-02,final scoring claim
C086,FullBox,C2,Автоматизация и точность,6,"FullBox: уровень 6/10 по критерию C2. WMS/ЛК связаны с остатками и статусами, но автоматизация заказа или скан-контроль раскрыты неполно.",S039;S040,HIGH,2026-10-02,final scoring claim
C087,FullBox,C3,Полнота FBS-цикла и возвраты,10,"FullBox: уровень 10/10 по критерию C3. Полный FBS-цикл и детальная обработка возвратов с проверкой состояния, переупаковкой/перемаркировкой и возвратом пригодного товара в остаток.",S039;S040,HIGH,2026-10-02,final scoring claim
C088,FullBox,C4,"Упаковка, маркировка и товарная гибкость",8,FullBox: уровень 8/10 по критерию C4. Есть разные защитные форматы и отдельная работа с «Честным знаком» / Data Matrix.,S039;S040,HIGH,2026-10-02,final scoring claim
C089,FullBox,C5,Прозрачность и вычислимость тарифа,8,"FullBox: уровень 8/10 по критерию C5. Опубликованы основные FBS-операции, хранение и допуслуги; отдельные минимумы/возвраты/логистика могут требовать уточнения.",S039;S040,HIGH,2026-10-02,final scoring claim
C090,FullBox,C6,"Масштаб, надежность и операционный контроль",6,FullBox: уровень 6/10 по критерию C6. Есть измеримая площадь/мощность плюс минимум 1 независимый механизм контроля либо формальная ответственность плюс несколько механизмов контроля.,S039;S040,HIGH,2026-10-02,final scoring claim
C091,Full-Fix,C1,Скорость FBS и ритм передачи Ozon,4,"Full-Fix: уровень 4/10 по критерию C1. Стандартный Ozon FBS подтвержден, но частота и срок передачи не раскрыты.",S044,HIGH,2026-10-02,final scoring claim
C092,Full-Fix,C2,Автоматизация и точность,8,"Full-Fix: уровень 8/10 по критерию C2. Подтверждены WMS/API, получение заказов и синхронизация остатков/статусов.",S044,HIGH,2026-10-02,final scoring claim
C093,Full-Fix,C3,Полнота FBS-цикла и возвраты,6,Full-Fix: уровень 6/10 по критерию C3. Приемка/хранение/сборка/упаковка/передача Ozon подтверждены; возвраты не раскрыты.,S044,HIGH,2026-10-02,final scoring claim
C094,Full-Fix,C4,"Упаковка, маркировка и товарная гибкость",10,"Full-Fix: уровень 10/10 по критерию C4. Data Matrix плюс скан-контроль и подтвержденная практика сложных категорий или нескольких защитных технологий: ВПП, термоусадка, герметизация, наборы и т.п.",S044,HIGH,2026-10-02,final scoring claim
C095,Full-Fix,C5,Прозрачность и вычислимость тарифа,2,Full-Fix: уровень 2/10 по критерию C5. Есть заявка/индивидуальный расчет без ставок.,S044,HIGH,2026-10-02,final scoring claim
C096,Full-Fix,C6,"Масштаб, надежность и операционный контроль",10,"Full-Fix: уровень 10/10 по критерию C6. Крупная масштабируемая инфраструктура с высокой измеримой мощностью, 2+ независимыми механизмами контроля и формальной ответственностью/гарантией/SLA.",S044,HIGH,2026-10-02,final scoring claim
C097,LRpack,C1,Скорость FBS и ритм передачи Ozon,4,"LRpack: уровень 4/10 по критерию C1. Стандартный Ozon FBS подтвержден, но частота и срок передачи не раскрыты.",S045,HIGH,2026-10-02,final scoring claim
C098,LRpack,C2,Автоматизация и точность,8,"LRpack: уровень 8/10 по критерию C2. Подтверждены WMS/API, получение заказов и синхронизация остатков/статусов.",S045,HIGH,2026-10-02,final scoring claim
C099,LRpack,C3,Полнота FBS-цикла и возвраты,6,LRpack: уровень 6/10 по критерию C3. Приемка/хранение/сборка/упаковка/передача Ozon подтверждены; возвраты не раскрыты.,S045,HIGH,2026-10-02,final scoring claim
C100,LRpack,C4,"Упаковка, маркировка и товарная гибкость",8,LRpack: уровень 8/10 по критерию C4. Есть разные защитные форматы и отдельная работа с «Честным знаком» / Data Matrix.,S045,HIGH,2026-10-02,final scoring claim
C101,LRpack,C5,Прозрачность и вычислимость тарифа,2,LRpack: уровень 2/10 по критерию C5. Есть заявка/индивидуальный расчет без ставок.,S045,HIGH,2026-10-02,final scoring claim
C102,LRpack,C6,"Масштаб, надежность и операционный контроль",10,"LRpack: уровень 10/10 по критерию C6. Крупная масштабируемая инфраструктура с высокой измеримой мощностью, 2+ независимыми механизмами контроля и формальной ответственностью/гарантией/SLA.",S045,HIGH,2026-10-02,final scoring claim
C103,FULLIK,C1,Скорость FBS и ритм передачи Ozon,4,"FULLIK: уровень 4/10 по критерию C1. Стандартный Ozon FBS подтвержден, но частота и срок передачи не раскрыты.",S046;S047;S048,MEDIUM,2026-10-02,final scoring claim
C104,FULLIK,C2,Автоматизация и точность,6,"FULLIK: уровень 6/10 по критерию C2. WMS/ЛК связаны с остатками и статусами, но автоматизация заказа или скан-контроль раскрыты неполно.",S046;S047;S048,MEDIUM,2026-10-02,final scoring claim
C105,FULLIK,C3,Полнота FBS-цикла и возвраты,6,FULLIK: уровень 6/10 по критерию C3. Приемка/хранение/сборка/упаковка/передача Ozon подтверждены; возвраты не раскрыты.,S046;S047;S048,MEDIUM,2026-10-02,final scoring claim
C106,FULLIK,C4,"Упаковка, маркировка и товарная гибкость",10,"FULLIK: уровень 10/10 по критерию C4. Data Matrix плюс скан-контроль и подтвержденная практика сложных категорий или нескольких защитных технологий: ВПП, термоусадка, герметизация, наборы и т.п.",S046;S047;S048,MEDIUM,2026-10-02,final scoring claim
C107,FULLIK,C5,Прозрачность и вычислимость тарифа,2,FULLIK: уровень 2/10 по критерию C5. Есть заявка/индивидуальный расчет без ставок.,S046;S047;S048,MEDIUM,2026-10-02,final scoring claim
C108,FULLIK,C6,"Масштаб, надежность и операционный контроль",8,"FULLIK: уровень 8/10 по критерию C6. Есть измеримая масштабируемая мощность и 2+ независимых механизма контроля либо формальная гарантия/компенсация, подкрепленная измеримыми операционными показателями.",S046;S047;S048,MEDIUM,2026-10-02,final scoring claim
C109,UPMARKET,C1,Скорость FBS и ритм передачи Ozon,4,"UPMARKET: уровень 4/10 по критерию C1. Стандартный Ozon FBS подтвержден, но частота и срок передачи не раскрыты.",S049;S050;S051;S052,MEDIUM,2026-10-02,final scoring claim
C110,UPMARKET,C2,Автоматизация и точность,4,"UPMARKET: уровень 4/10 по критерию C2. Есть личный кабинет, WMS или интеграция, но без сквозного процесса.",S049;S050;S051;S052,MEDIUM,2026-10-02,final scoring claim
C111,UPMARKET,C3,Полнота FBS-цикла и возвраты,8,"UPMARKET: уровень 8/10 по критерию C3. Основной цикл плюс прием/проверка возвратов подтверждены, но диагностика/переупаковка/возврат в остаток раскрыты ограниченно.",S049;S050;S051;S052,MEDIUM,2026-10-02,final scoring claim
C112,UPMARKET,C4,"Упаковка, маркировка и товарная гибкость",6,UPMARKET: уровень 6/10 по критерию C4. Подтверждены разные форматы упаковки и контроль маркировки/этикеток по требованиям Ozon.,S049;S050;S051;S052,MEDIUM,2026-10-02,final scoring claim
C113,UPMARKET,C5,Прозрачность и вычислимость тарифа,8,"UPMARKET: уровень 8/10 по критерию C5. Опубликованы основные FBS-операции, хранение и допуслуги; отдельные минимумы/возвраты/логистика могут требовать уточнения.",S049;S050;S051;S052,MEDIUM,2026-10-02,final scoring claim
C114,UPMARKET,C6,"Масштаб, надежность и операционный контроль",6,UPMARKET: уровень 6/10 по критерию C6. Есть измеримая площадь/мощность плюс минимум 1 независимый механизм контроля либо формальная ответственность плюс несколько механизмов контроля.,S049;S050;S051;S052,MEDIUM,2026-10-02,final scoring claim
C115,DilijansFF,C1,Скорость FBS и ритм передачи Ozon,4,"DilijansFF: уровень 4/10 по критерию C1. Стандартный Ozon FBS подтвержден, но частота и срок передачи не раскрыты.",S053;S054;S055,MEDIUM,2026-10-02,final scoring claim
C116,DilijansFF,C2,Автоматизация и точность,4,"DilijansFF: уровень 4/10 по критерию C2. Есть личный кабинет, WMS или интеграция, но без сквозного процесса.",S053;S054;S055,MEDIUM,2026-10-02,final scoring claim
C117,DilijansFF,C3,Полнота FBS-цикла и возвраты,6,DilijansFF: уровень 6/10 по критерию C3. Приемка/хранение/сборка/упаковка/передача Ozon подтверждены; возвраты не раскрыты.,S053;S054;S055,MEDIUM,2026-10-02,final scoring claim
C118,DilijansFF,C4,"Упаковка, маркировка и товарная гибкость",6,DilijansFF: уровень 6/10 по критерию C4. Подтверждены разные форматы упаковки и контроль маркировки/этикеток по требованиям Ozon.,S053;S054;S055,MEDIUM,2026-10-02,final scoring claim
C119,DilijansFF,C5,Прозрачность и вычислимость тарифа,8,"DilijansFF: уровень 8/10 по критерию C5. Опубликованы основные FBS-операции, хранение и допуслуги; отдельные минимумы/возвраты/логистика могут требовать уточнения.",S053;S054;S055,MEDIUM,2026-10-02,final scoring claim
C120,DilijansFF,C6,"Масштаб, надежность и операционный контроль",6,DilijansFF: уровень 6/10 по критерию C6. Есть измеримая площадь/мощность плюс минимум 1 независимый механизм контроля либо формальная ответственность плюс несколько механизмов контроля.,S053;S054;S055,MEDIUM,2026-10-02,final scoring claim
