criterion_id,level,label,operational_definition
C1,0,Не подтверждено,Стандартный Ozon FBS или фактическая передача заказов не подтверждены.
C1,2,Общий сигнал,"Есть FBS/Ozon-сигнал, но стандартный Ozon FBS и его срок/ритм не раскрыты достаточно."
C1,4,Ozon FBS без ритма,"Стандартный Ozon FBS подтвержден, но частота и срок передачи не раскрыты."
C1,6,Регулярная передача,Подтверждена ежедневная или иная регулярная передача Ozon FBS без сильной детализации cutoff/SLA.
C1,8,Сильный срок,"Есть конкретный same-day cutoff/SLA или одно фиксированное ежедневное окно, явно относящееся к Ozon FBS."
C1,10,Несколько окон,"Подтверждены 2+ передачи Ozon FBS в день или эквивалентный режим с несколькими окнами, существенно снижающий зависимость от одной отсечки."
C2,0,Не подтверждено,Нет проверяемых данных об автоматизации FBS.
C2,2,Базовый учет,Есть только общее упоминание учета/ПО без связи с заказами и остатками Ozon.
C2,4,Один цифровой элемент,"Есть личный кабинет, WMS или интеграция, но без сквозного процесса."
C2,6,Системный учет,"WMS/ЛК связаны с остатками и статусами, но автоматизация заказа или скан-контроль раскрыты неполно."
C2,8,API + остатки,"Подтверждены WMS/API, получение заказов и синхронизация остатков/статусов."
C2,10,Сквозной контроль,"Есть WMS/API, автоматическое получение заказов/остатков и сканирование/контроль ошибок на критических этапах."
C3,0,Не подтверждено,Нет достаточного подтверждения FBS-процесса.
C3,2,Отдельные операции,Подтверждены только 1–2 операции.
C3,4,Частичный цикл,"Есть хранение и часть обработки заказа, но один или несколько ключевых этапов не подтверждены."
C3,6,Основной цикл,Приемка/хранение/сборка/упаковка/передача Ozon подтверждены; возвраты не раскрыты.
C3,8,Полный цикл,"Основной цикл плюс прием/проверка возвратов подтверждены, но диагностика/переупаковка/возврат в остаток раскрыты ограниченно."
C3,10,Замкнутый цикл,"Полный FBS-цикл и детальная обработка возвратов с проверкой состояния, переупаковкой/перемаркировкой и возвратом пригодного товара в остаток."
C4,0,Не подтверждено,Нет подтвержденной упаковки/маркировки сверх минимальной операции.
C4,2,Базовая упаковка,Есть простая упаковка или печать обычной этикетки.
C4,4,Несколько базовых операций,"Есть несколько видов упаковки/этикетирования, но без маркируемых или сложных сценариев."
C4,6,Требования Ozon,Подтверждены разные форматы упаковки и контроль маркировки/этикеток по требованиям Ozon.
C4,8,Честный знак,Есть разные защитные форматы и отдельная работа с «Честным знаком» / Data Matrix.
C4,10,Глубокая гибкость,"Data Matrix плюс скан-контроль и подтвержденная практика сложных категорий или нескольких защитных технологий: ВПП, термоусадка, герметизация, наборы и т.п."
C5,0,Нет публичной экономики,Публичных стоимостных ориентиров нет.
C5,2,Только индивидуальный расчет,Есть заявка/индивидуальный расчет без ставок.
C5,4,Отдельные ставки,"Опубликованы отдельные цены или «от», но нельзя собрать FBS-сценарий."
C5,6,Частично вычислимо,"Есть FBS-ставка или калькулятор и часть сопутствующих операций, но заметные компоненты остаются неизвестны."
C5,8,Почти полный прайс,"Опубликованы основные FBS-операции, хранение и допуслуги; отдельные минимумы/возвраты/логистика могут требовать уточнения."
C5,10,Полная прозрачность,По публичным данным можно собрать типовой FBS-чек: приемка/хранение/обработка заказа/упаковка/маркировка/возвраты и известные минимумы или условия.
C6,0,Не подтверждено,Нет проверяемых сигналов мощности или операционного контроля.
C6,2,Базовые сигналы,Есть только адрес/режим или общие обещания надежности.
C6,4,Один сильный фактор,Подтвержден один измеримый фактор мощности/площади либо 2 независимых фактора контроля риска.
C6,6,Масштаб + контроль,Есть измеримая площадь/мощность плюс минимум 1 независимый механизм контроля либо формальная ответственность плюс несколько механизмов контроля.
C6,8,Сильная инфраструктура,"Есть измеримая масштабируемая мощность и 2+ независимых механизма контроля либо формальная гарантия/компенсация, подкрепленная измеримыми операционными показателями."
C6,10,Максимальный запас устойчивости,"Крупная масштабируемая инфраструктура с высокой измеримой мощностью, 2+ независимыми механизмами контроля и формальной ответственностью/гарантией/SLA."
