criterion_id,criterion,weight,raw_scale,role_in_decision,draft_status
C1,Скорость FBS и ритм передачи Ozon,25,0–10,Самый весомый фактор: FBS чувствителен к срокам обработки и окнам передачи,FROZEN v1.0
C2,Автоматизация и точность,20,0–10,"Снижает пересорт, ручные ошибки и расхождение остатков",FROZEN v1.0
C3,Полнота FBS-цикла и возвраты,20,0–10,"Проверяет, можно ли реально вынести ежедневную складскую операционку наружу",FROZEN v1.0
C4,"Упаковка, маркировка и товарная гибкость",15,0–10,"Важна для требований Ozon, маркируемых и требующих дополнительной защиты товаров",FROZEN v1.0
C5,Прозрачность и вычислимость тарифа,10,0–10,Дает возможность сравнить экономику до запуска без мнимой точности по разным единицам тарификации,FROZEN v1.0
C6,"Масштаб, надежность и операционный контроль",10,0–10,Проверяет запас мощности и управляемость риска при пиках и спорных ситуациях,FROZEN v1.0
TOTAL,Сумма весов,100,,"Итог = сумма(raw/10 × weight). География — фильтр допуска; доказательность влияет на confidence, а не дает отдельные баллы.",FROZEN v1.0
INTERMEDIATE,Промежуточные значения,,"1,3,5,7,9","Нечетный уровень допустим только когда нижний четный якорь полностью подтвержден и есть существенная, но неполная часть следующего якоря. Причина фиксируется в notes.",FROZEN v1.0
TIE_BREAK,Правило равенства,,,"При равном итоговом балле сравниваются C1 → C2 → C3 → C4 → C5 → C6. Если все уровни равны, фиксируется разделенное место; искусственный победитель не назначается.",FROZEN v1.0
FREEZE,methodologyFrozenAt,,,2026-10-02T15:22:57+03:00,FROZEN v1.0
SENSITIVITY,Проверка устойчивости,5000,seed=20261002,"Uniform(0.8,1.2) по каждому весу → нормализация к 100; Преп-Центр 1-е место 5000/5000",PASS
