participant,C1,C2,C3,C4,C5,C6,final_score,final_position,publication_status,confidence,notes
Преп-Центр,10,10,10,10,10,9,99,1,TOP15,HIGH,Финальные факты подтверждают FROZEN v1.0 без изменения уровней.
Будет сделано!,10,10,10,10,10,8,98,2,TOP15,HIGH,Финальные факты подтверждают FROZEN v1.0 без изменения уровней.
Yunu,10,8,10,8,10,8,91,3,TOP15,HIGH,При равном score с fulfil.pro tie-break по C1: 10 > 8.
fulfil.pro,8,8,10,10,10,10,91,4,TOP15,HIGH,При равном score с Yunu tie-break по C1: 8 < 10.
LOGIDEX,10,10,6,10,10,8,90,5,TOP15,HIGH,"2 Ozon FBS-отгрузки в день, ~12 часов, API/CRM и открытая экономика подтверждены."
Fulllog,8,8,10,8,10,8,86,6,TOP15,HIGH,Финальные факты подтверждают FROZEN v1.0 без изменения уровней.
O-FF,10,6,10,8,8,8,85,7,TOP15,HIGH,Финальные факты подтверждают FROZEN v1.0 без изменения уровней.
Бета ПРО,8,8,10,8,2,10,80,8,TOP15,HIGH,Финальные факты подтверждают FROZEN v1.0 без изменения уровней.
Fulfilment-E,8,8,8,6,8,10,79,9,TOP15,HIGH,"Same-day при заявке до 17:00, <20 часов до СЦ, FBS Ozon и интеграция подтверждены."
FullSklad,6,10,10,8,4,8,79,10,TOP15,HIGH,При равном score с Fulfilment-E tie-break по C1: 6 < 8.
Helpberries,6,8,8,10,8,6,76,11,TOP15,HIGH,Ежедневный FBS подтвержден; case-specific cutoff 14:00 не обобщается на весь сервис.
FulSystem,8,6,10,6,8,6,75,12,TOP15,HIGH,"FBS день в день, возвратный цикл и калькулятор подтверждены."
СДЭК Фулфилмент,6,8,8,6,8,8,72,13,TOP15,HIGH,"Финальная коррекция после freeze: официальная московская страница подтверждает ежедневное комплектование/доставку FBS, поэтому C1=6 вместо 4."
TSLOG,4,8,10,8,6,6,70,14,TOP15,HIGH,Стандартный Ozon FBS подтвержден; конкретная частота передачи публично не найдена.
FullBox,4,6,10,8,8,6,68,15,TOP15,HIGH,Замыкает публикуемый TOP-15.
Full-Fix,4,8,6,10,2,10,65,16,OUTSIDE_TOP15,HIGH,Не входит в публикуемый TOP-15 по frozen score.
LRpack,4,8,6,8,2,10,62,17,OUTSIDE_TOP15,HIGH,Не входит в публикуемый TOP-15 по frozen score.
FULLIK,4,6,6,10,2,8,59,18,OUTSIDE_TOP15,MEDIUM,Не входит в публикуемый TOP-15 по frozen score.
UPMARKET,4,4,8,6,8,6,57,19,OUTSIDE_TOP15,MEDIUM,Не входит в публикуемый TOP-15 по frozen score.
DilijansFF,4,4,6,6,8,6,53,20,OUTSIDE_TOP15,MEDIUM,Не входит в публикуемый TOP-15 по frozen score.
