source_id,entity,url,source_type,checked_date,status,notes
S001,Преп-Центр,https://prep-center.ru/fbs-ozon/,official participant source,2026-10-02,checked / used in final scoring,Primary or official page used to support one or more frozen criteria.
S002,Преп-Центр,https://prep-center.ru/trebovaniya-fbs-ozon/,official participant source,2026-10-02,checked / used in final scoring,Primary or official page used to support one or more frozen criteria.
S003,Преп-Центр,https://prep-center.ru/chestnyy-znak/,official participant source,2026-10-02,checked / used in final scoring,Primary or official page used to support one or more frozen criteria.
S004,Преп-Центр,https://prep-center.ru/wms-mpfit-dlya-fulfillmenta/,official participant source,2026-10-02,checked / used in final scoring,Primary or official page used to support one or more frozen criteria.
S005,Преп-Центр,https://prep-center.ru/tarify/,official participant source,2026-10-02,checked / used in final scoring,Primary or official page used to support one or more frozen criteria.
S006,Преп-Центр,https://prep-center.ru/about/,official participant source,2026-10-02,checked / used in final scoring,Primary or official page used to support one or more frozen criteria.
S007,Будет сделано!,https://willbedone.pro/fulfilment-fbs/,official participant source,2026-10-02,checked / used in final scoring,Primary or official page used to support one or more frozen criteria.
S008,Будет сделано!,https://willbedone.pro/fulfilment-dlya-ozon/,official participant source,2026-10-02,checked / used in final scoring,Primary or official page used to support one or more frozen criteria.
S009,Будет сделано!,https://willbedone.pro/ceny/,official participant source,2026-10-02,checked / used in final scoring,Primary or official page used to support one or more frozen criteria.
S010,Yunu,https://yunu.ru/fulfilment-dlya-ozon,official participant source,2026-10-02,checked / used in final scoring,Primary or official page used to support one or more frozen criteria.
S011,Yunu,https://yunu.ru/fulfilment,official participant source,2026-10-02,checked / used in final scoring,Primary or official page used to support one or more frozen criteria.
S012,Yunu,https://yunu.ru/,official participant source,2026-10-02,checked / used in final scoring,Primary or official page used to support one or more frozen criteria.
S013,fulfil.pro,https://fulfil.pro/fulfilment-dlya-ozon/,official participant source,2026-10-02,checked / used in final scoring,Primary or official page used to support one or more frozen criteria.
S014,fulfil.pro,https://fulfil.pro/fulfilment-po-modeli-fbs/,official participant source,2026-10-02,checked / used in final scoring,Primary or official page used to support one or more frozen criteria.
S015,LOGIDEX,https://www.logidex.ru/fulfillment-fbs.html,official participant source,2026-10-02,checked / used in final scoring,Primary or official page used to support one or more frozen criteria.
S016,LOGIDEX,https://www.logidex.ru/fulfillment-ozon.html,official participant source,2026-10-02,checked / used in final scoring,Primary or official page used to support one or more frozen criteria.
S017,LOGIDEX,https://www.logidex.ru/tarify.html,official participant source,2026-10-02,checked / used in final scoring,Primary or official page used to support one or more frozen criteria.
S018,Fulllog,https://fulllog.ru/fulfillment-ozon,official participant source,2026-10-02,checked / used in final scoring,Primary or official page used to support one or more frozen criteria.
S019,Fulllog,https://fulllog.ru/prices,official participant source,2026-10-02,checked / used in final scoring,Primary or official page used to support one or more frozen criteria.
S020,Fulllog,https://fulllog.ru/blog/kak-otgruzhat-zakazy-po-fbs,official participant source,2026-10-02,checked / used in final scoring,Primary or official page used to support one or more frozen criteria.
S021,O-FF,https://o-ff.ru/fulfilment-ozon,official participant source,2026-10-02,checked / used in final scoring,Primary or official page used to support one or more frozen criteria.
S022,O-FF,https://o-ff.ru/price,official participant source,2026-10-02,checked / used in final scoring,Primary or official page used to support one or more frozen criteria.
S023,Бета ПРО,https://betapro.ru/fulfilment/ozon/,official participant source,2026-10-02,checked / used in final scoring,Primary or official page used to support one or more frozen criteria.
S024,Бета ПРО,https://betapro.ru/fulfilment/fbs-ozon-wildberries/,official participant source,2026-10-02,checked / used in final scoring,Primary or official page used to support one or more frozen criteria.
S025,Fulfilment-E,https://fulfilment-e.com/,official participant source,2026-10-02,checked / used in final scoring,Primary or official page used to support one or more frozen criteria.
S026,Fulfilment-E,https://fulfilment-e.com/fbs-for-wildberries-i-ozon/,official participant source,2026-10-02,checked / used in final scoring,Primary or official page used to support one or more frozen criteria.
S027,Fulfilment-E,https://fulfilment-e.com/obrabotka-vozvratov/,official participant source,2026-10-02,checked / used in final scoring,Primary or official page used to support one or more frozen criteria.
S028,FullSklad,https://fullsklad.com/fbs,official participant source,2026-10-02,checked / used in final scoring,Primary or official page used to support one or more frozen criteria.
S029,FullSklad,https://fullsklad.com/ozon,official participant source,2026-10-02,checked / used in final scoring,Primary or official page used to support one or more frozen criteria.
S030,FullSklad,https://fullsklad.com/o-sklade,official participant source,2026-10-02,checked / used in final scoring,Primary or official page used to support one or more frozen criteria.
S031,Helpberries,https://helpberries.ru/fbs-fulfilment-prodazhi-dlya-marketpleysov,official participant source,2026-10-02,checked / used in final scoring,Primary or official page used to support one or more frozen criteria.
S032,Helpberries,https://helpberries.ru/fulfilment-ozon,official participant source,2026-10-02,checked / used in final scoring,Primary or official page used to support one or more frozen criteria.
S033,Helpberries,https://helpberries.ru/cases/fulfilment-kosmetika-helpberries,official participant source,2026-10-02,checked / used in final scoring,Primary or official page used to support one or more frozen criteria.
S034,Helpberries,https://helpberries.ru/bz/chestnyy-znak-2026-poshagovaya-instruktsiya-prodavtsa,official participant source,2026-10-02,checked / used in final scoring,Primary or official page used to support one or more frozen criteria.
S035,FulSystem,https://fulsystem.ru/,official participant source,2026-10-02,checked / used in final scoring,Primary or official page used to support one or more frozen criteria.
S036,FulSystem,https://fulsystem.ru/marketplejsy/ozon/,official participant source,2026-10-02,checked / used in final scoring,Primary or official page used to support one or more frozen criteria.
S037,FulSystem,https://fulsystem.ru/fulfilment/vozvraty/,official participant source,2026-10-02,checked / used in final scoring,Primary or official page used to support one or more frozen criteria.
S038,TSLOG,https://tslog.ru/service/fulfilment/ozon/,official participant source,2026-10-02,checked / used in final scoring,Primary or official page used to support one or more frozen criteria.
S039,FullBox,https://fullbox.ru/fulfilment-ozon/,official participant source,2026-10-02,checked / used in final scoring,Primary or official page used to support one or more frozen criteria.
S040,FullBox,https://fullbox.ru/tarify/,official participant source,2026-10-02,checked / used in final scoring,Primary or official page used to support one or more frozen criteria.
S041,СДЭК Фулфилмент,https://ff.cdek.ru/ozon/moskva,official participant source,2026-10-02,checked / used in final scoring,Primary or official page used to support one or more frozen criteria.
S042,СДЭК Фулфилмент,https://ff.cdek.ru/fbs/ozon,official participant source,2026-10-02,checked / used in final scoring,Primary or official page used to support one or more frozen criteria.
S043,СДЭК Фулфилмент,https://www.ff.cdek.ru/sklady/moskva,official participant source,2026-10-02,checked / used in final scoring,Primary or official page used to support one or more frozen criteria.
S044,Full-Fix,https://full-fix.ru/fulfilment-ozon/,official participant source,2026-10-02,checked / used in final scoring,Primary or official page used to support one or more frozen criteria.
S045,LRpack,https://lrpack.ru/info/fulfillment-dlya-ozon,official participant source,2026-10-02,checked / used in final scoring,Primary or official page used to support one or more frozen criteria.
S046,FULLIK,https://fullik.ru/,official participant source,2026-10-02,checked / used in final scoring,Primary or official page used to support one or more frozen criteria.
S047,FULLIK,https://fullik.ru/ozon,official participant source,2026-10-02,checked / used in final scoring,Primary or official page used to support one or more frozen criteria.
S048,FULLIK,https://fullik.ru/upakovka,official participant source,2026-10-02,checked / used in final scoring,Primary or official page used to support one or more frozen criteria.
S049,UPMARKET,https://www.upmarket.cc/fulfilment-fbs-moskva-dlya-marketpleysov,official participant source,2026-10-02,checked / used in final scoring,Primary or official page used to support one or more frozen criteria.
S050,UPMARKET,https://www.upmarket.cc/fulfilment-ozon,official participant source,2026-10-02,checked / used in final scoring,Primary or official page used to support one or more frozen criteria.
S051,UPMARKET,https://www.upmarket.cc/fulfilment-lichnyy-kabinet,official participant source,2026-10-02,checked / used in final scoring,Primary or official page used to support one or more frozen criteria.
S052,UPMARKET,https://www.upmarket.cc/blog/chto-nuzhno-znat-pered-perehodom-na-fbs-v-2026-godu,official participant source,2026-10-02,checked / used in final scoring,Primary or official page used to support one or more frozen criteria.
S053,DilijansFF,https://dilijansff.ru/fulfillment-ozon/,official participant source,2026-10-02,checked / used in final scoring,Primary or official page used to support one or more frozen criteria.
S054,DilijansFF,https://dilijansff.ru/prices/,official participant source,2026-10-02,checked / used in final scoring,Primary or official page used to support one or more frozen criteria.
S055,DilijansFF,https://dilijansff.ru/,official participant source,2026-10-02,checked / used in final scoring,Primary or official page used to support one or more frozen criteria.
